Dataset,tau pooled vs W,tau pooled vs W|K,inv.,best pooled,best W|K,rho P@5 pooled,rho P@5 W
assistments09,0.744,0.503,10,DKT+I,DKT+I,0.685,0.883
assistments12,0.795,0.487,8,DKT+I,ItemMean,0.747,0.912
assistments15,0.896,0.261,4,DKT+I,ItemMean,0.491,0.546
assistments17,0.949,0.641,2,DKT+I,DKT+I,0.896,0.901
algebra05,0.897,0.667,4,DKT+I,DKT+I,0.841,0.907
bridge_algebra06,0.923,0.410,3,Best-LR+I,DKT+I,0.429,0.434
spanish,0.923,0.718,3,Best-LR+I,DKT+I,0.749,0.752
statics,0.949,0.692,2,DKT+I,ItemMean,0.820,0.867
mean,0.884,0.548,4.5,,,0.707,0.775
