dataset,construction,pooled_AUC,within_learner_AUC,between_learner_AUC,omega,between_target
assistments09,as_is,0.7747751693,0.7403977136,0.7749538858,,
assistments09,ability_injective,0.6894960972,0.7403977136,0.6892314773,0.0,0.6892314773
assistments09,reversed_injective,0.3129904646,0.7403977136,0.3107685227,0.0,0.3107685227
assistments09,random_injective,0.5321092262,0.7403977136,0.5310264066,0.0,0.5310264066
assistments09,constant_level,0.6989866580,0.7403977136,0.6987713763,1.0,0.5
assistments12,as_is,0.7618414761,0.7224241593,0.7618652768,,
assistments12,ability_injective,0.6719887079,0.7224241593,0.6719582543,0.0,0.6719582543
assistments12,reversed_injective,0.3282797354,0.7224241593,0.3280417457,0.0,0.3280417457
assistments12,random_injective,0.5029157802,0.7224241593,0.5027832381,0.0,0.5027832381
assistments12,constant_level,0.6950338226,0.7224241593,0.6950172839,1.0,0.5
assistments15,as_is,0.7266476625,0.6733364366,0.7266815375,,
assistments15,ability_injective,0.6893700964,0.6733364366,0.6893802845,0.0,0.6893802845
assistments15,reversed_injective,0.3108500463,0.6733364366,0.3106197155,0.0,0.3106197155
assistments15,random_injective,0.4975926398,0.6733364366,0.4974809689,0.0,0.4974809689
assistments15,constant_level,0.6364944099,0.6733364366,0.6364709998,1.0,0.5
assistments17,as_is,0.7613922970,0.7559339492,0.7614161897,,
assistments17,ability_injective,0.6147706385,0.7559339492,0.6141527274,0.0,0.6141527274
assistments17,reversed_injective,0.3874601847,0.7559339492,0.3858472726,0.0,0.3858472726
assistments17,random_injective,0.4961050337,0.7559339492,0.4949676903,0.0,0.4949676903
assistments17,constant_level,0.7336101030,0.7559339492,0.7335123854,1.0,0.5
algebra05,as_is,0.8450589694,0.8411383495,0.8451429065,,
algebra05,ability_injective,0.6122732938,0.8411383495,0.6073734928,0.0,0.6073734928
algebra05,reversed_injective,0.4020274873,0.8411383495,0.3926265072,0.0,0.3926265072
algebra05,random_injective,0.5172999307,0.8411383495,0.5103668329,0.0,0.5103668329
algebra05,constant_level,0.8270544776,0.8411383495,0.8267529542,1.0,0.5
bridge_algebra06,as_is,0.7494577046,0.7186024495,0.7496726611,,
bridge_algebra06,ability_injective,0.6069119887,0.7186024495,0.6061338850,0.0,0.6061338850
bridge_algebra06,reversed_injective,0.3961127740,0.7186024495,0.3938661150,0.0,0.3938661150
bridge_algebra06,random_injective,0.5065677825,0.7186024495,0.5050906202,0.0,0.5050906202
bridge_algebra06,constant_level,0.7349473042,0.7186024495,0.7350611724,1.0,0.5
spanish,as_is,0.8428349323,0.8194698463,0.8434906892,,
spanish,ability_injective,0.6648288635,0.8194698463,0.6604887600,0.0,0.6604887600
spanish,reversed_injective,0.3526138679,0.8194698463,0.3395112400,0.0,0.3395112400
spanish,random_injective,0.5077312195,0.8194698463,0.4989820646,0.0,0.4989820646
spanish,constant_level,0.8011620654,0.8194698463,0.8006482452,1.0,0.5
statics,as_is,0.8248899752,0.8132743789,0.8251699650,,
statics,ability_injective,0.6224949946,0.8132743789,0.6178963254,0.0,0.6178963254
statics,reversed_injective,0.3922522631,0.8132743789,0.3821036746,0.0,0.3821036746
statics,random_injective,0.5010494911,0.8132743789,0.4935234211,0.0,0.4935234211
statics,constant_level,0.8031468848,0.8132743789,0.8029027651,1.0,0.5
